iter	RMSE
0	79393.8407
1	79346.48374
2	79298.1958
3	79246.87688
4	79193.07404
5	79143.64694
6	79093.22128
7	79042.75039
8	79001.31845
9	78956.6977
